month,region,revenue,orders,returning_rate
2025-11,North,33710,733,0.29
2025-11,South,25730,585,0.29
2025-11,West,29460,601,0.29
2025-12,North,39710,863,0.31
2025-12,South,30570,695,0.31
2025-12,West,33630,686,0.29
2026-01,North,36460,793,0.33
2026-01,South,28320,644,0.33
2026-01,West,31950,652,0.31
2026-02,North,36720,798,0.34
2026-02,South,28770,654,0.34
2026-02,West,33190,677,0.34
2026-03,North,39030,848,0.33
2026-03,South,30850,701,0.33
2026-03,West,34130,697,0.35
2026-04,North,43370,943,0.32
2026-04,South,34590,786,0.32
2026-04,West,37440,764,0.34
2026-05,North,45000,978,0.31
2026-05,South,36220,823,0.31
2026-05,West,40620,829,0.32
2026-06,North,44170,960,0.33
2026-06,South,35870,815,0.33
2026-06,West,40340,823,0.32
2026-07,North,45090,980,0.35
2026-07,South,36930,839,0.35
2026-07,West,39550,807,0.33
2026-08,North,45740,994,0.37
2026-08,South,37800,859,0.37
2026-08,West,40490,826,0.35
2026-09,North,42800,930,0.36
2026-09,South,35690,811,0.36
2026-09,West,39650,809,0.37
2026-10,North,39940,868,0.35
2026-10,South,33600,764,0.35
2026-10,West,36600,747,0.37
